,tweet_id,best_guess_dog_breed
0,666020888022790149,welsh_springer_spaniel
1,666029285002620928,redbone
2,666033412701032449,german_shepherd
3,666044226329800704,rhodesian_ridgeback
4,666049248165822465,miniature_pinscher
5,666050758794694657,bernese_mountain_dog
6,666051853826850816,unknown
7,666055525042405380,chow
8,666057090499244032,shopping_cart
9,666058600524156928,miniature_poodle
10,666063827256086533,golden_retriever
11,666071193221509120,gordon_setter
12,666073100786774016,walker_hound
13,666082916733198337,pug
14,666094000022159362,bloodhound
15,666099513787052032,lhasa
16,666102155909144576,english_setter
17,666104133288665088,unknown
18,666268910803644416,unknown
19,666273097616637952,italian_greyhound
20,666287406224695296,maltese_dog
21,666293911632134144,unknown
22,666337882303524864,ox
23,666345417576210432,golden_retriever
24,666353288456101888,malamute
25,666362758909284353,unknown
26,666373753744588802,soft-coated_wheaten_terrier
27,666396247373291520,chihuahua
28,666407126856765440,black-and-tan_coonhound
29,666411507551481857,unknown
30,666418789513326592,toy_terrier
31,666421158376562688,blenheim_spaniel
32,666428276349472768,pembroke
33,666430724426358785,llama
34,666435652385423360,chesapeake_bay_retriever
35,666437273139982337,chihuahua
36,666447344410484738,curly-coated_retriever
37,666454714377183233,dalmatian
38,666644823164719104,ibizan_hound
39,666649482315059201,border_collie
40,666691418707132416,german_shepherd
41,666701168228331520,labrador_retriever
42,666739327293083650,miniature_poodle
43,666776908487630848,seat_belt
44,666781792255496192,italian_greyhound
45,666786068205871104,unknown
46,666804364988780544,english_setter
47,666817836334096384,miniature_schnauzer
48,666826780179869698,maltese_dog
49,666835007768551424,airedale
50,666837028449972224,unknown
51,666983947667116034,unknown
52,666996132027977728,hay
53,667012601033924608,unknown
54,667044094246576128,golden_retriever
55,667062181243039745,chesapeake_bay_retriever
56,667065535570550784,unknown
57,667073648344346624,chihuahua
58,667090893657276420,chihuahua
59,667119796878725120,pembroke
60,667138269671505920,west_highland_white_terrier
61,667152164079423490,toy_poodle
62,667160273090932737,golden_retriever
63,667165590075940865,miniature_pinscher
64,667171260800061440,giant_schnauzer
65,667174963120574464,toy_poodle
66,667176164155375616,soft-coated_wheaten_terrier
67,667177989038297088,vizsla
68,667182792070062081,golden_retriever
69,667188689915760640,unknown
70,667192066997374976,rottweiler
71,667200525029539841,siberian_husky
72,667211855547486208,golden_retriever
73,667369227918143488,unknown
74,667393430834667520,papillon
75,667405339315146752,saint_bernard
76,667435689202614272,rottweiler
77,667437278097252352,unknown
78,667443425659232256,unknown
79,667453023279554560,labrador_retriever
80,667455448082227200,tibetan_terrier
81,667470559035432960,toy_poodle
82,667491009379606528,borzoi
83,667495797102141441,chihuahua
84,667502640335572993,labrador_retriever
85,667509364010450944,beagle
86,667517642048163840,italian_greyhound
87,667524857454854144,hare
88,667530908589760512,golden_retriever
89,667534815156183040,pembroke
90,667538891197542400,yorkshire_terrier
91,667544320556335104,pomeranian
92,667546741521195010,toy_poodle
93,667549055577362432,unknown
94,667550882905632768,unknown
95,667550904950915073,web_site
96,667724302356258817,unknown
97,667728196545200128,kuvasz
98,667766675769573376,unknown
99,667773195014021121,west_highland_white_terrier
100,667782464991965184,unknown
101,667793409583771648,dalmatian
102,667801013445750784,flat-coated_retriever
103,667806454573760512,toyshop
104,667832474953625600,miniature_pinscher
105,667861340749471744,malamute
106,667866724293877760,unknown
107,667873844930215936,unknown
108,667878741721415682,seat_belt
109,667885044254572545,malamute
110,667886921285246976,pomeranian
111,667902449697558528,norwegian_elkhound
112,667911425562669056,unknown
113,667915453470232577,leatherback_turtle
114,667924896115245057,labrador_retriever
115,667937095915278337,unknown
116,668113020489474048,pembroke
117,668142349051129856,unknown
118,668154635664932864,unknown
119,668171859951755264,chihuahua
120,668190681446379520,blenheim_spaniel
121,668204964695683073,labrador_retriever
122,668221241640230912,chow
123,668226093875376128,unknown
124,668237644992782336,chow
125,668248472370458624,chihuahua
126,668256321989451776,canoe
127,668268907921326080,pembroke
128,668274247790391296,soft-coated_wheaten_terrier
129,668286279830867968,golden_retriever
130,668291999406125056,unknown
131,668297328638447616,king_penguin
132,668466899341221888,unknown
133,668480044826800133,arctic_fox
134,668484198282485761,standard_poodle
135,668496999348633600,staffordshire_bullterrier
136,668507509523615744,basenji
137,668528771708952576,labrador_retriever
138,668537837512433665,lakeland_terrier
139,668542336805281792,american_staffordshire_terrier
140,668544745690562560,unknown
141,668567822092664832,shih-tzu
142,668614819948453888,unknown
143,668620235289837568,unknown
144,668623201287675904,chihuahua
145,668625577880875008,ox
146,668627278264475648,french_bulldog
147,668631377374486528,miniature_schnauzer
148,668633411083464705,pekinese
149,668636665813057536,komondor
150,668641109086707712,vacuum
151,668643542311546881,unknown
152,668645506898350081,unknown
153,668655139528511488,beagle
154,668779399630725120,chesapeake_bay_retriever
155,668815180734689280,redbone
156,668826086256599040,malinois
157,668852170888998912,golden_retriever
158,668872652652679168,teddy
159,668892474547511297,kelpie
160,668902994700836864,brittany_spaniel
161,668932921458302977,standard_poodle
162,668955713004314625,cocker_spaniel
163,668960084974809088,shower_curtain
164,668975677807423489,basset
165,668979806671884288,golden_retriever
166,668981893510119424,unknown
167,668986018524233728,doormat
168,668988183816871936,unknown
169,668989615043424256,pug
170,668992363537309700,unknown
171,668994913074286592,hog
172,669000397445533696,pembroke
173,669006782128353280,chihuahua
174,669015743032369152,unknown
175,669037058363662336,chihuahua
176,669203728096960512,pug
177,669214165781868544,unknown
178,669216679721873412,golden_retriever
179,669324657376567296,seashore
180,669327207240699904,golden_retriever
181,669328503091937280,siberian_husky
182,669351434509529089,unknown
183,669353438988365824,teddy
184,669354382627049472,chihuahua
185,669359674819481600,labrador_retriever
186,669363888236994561,golden_retriever
187,669367896104181761,basset
188,669371483794317312,brabancon_griffon
189,669375718304980992,airedale
190,669393256313184256,cocker_spaniel
191,669564461267722241,toy_poodle
192,669567591774625800,chihuahua
193,669571471778410496,unknown
194,669573570759163904,west_highland_white_terrier
195,669583744538451968,unknown
196,669597912108789760,eskimo_dog
197,669603084620980224,maltese_dog
198,669625907762618368,seat_belt
199,669661792646373376,unknown
200,669680153564442624,dalmatian
201,669682095984410625,unknown
202,669683899023405056,pomeranian
203,669749430875258880,unknown
204,669753178989142016,pembroke
205,669923323644657664,unknown
206,669926384437997569,pomeranian
207,669942763794931712,vizsla
208,669970042633789440,miniature_pinscher
209,669972011175813120,unknown
210,669993076832759809,piggy_bank
211,670003130994700288,beagle
212,670037189829525505,unknown
213,670040295598354432,web_site
214,670046952931721218,blenheim_spaniel
215,670055038660800512,unknown
216,670061506722140161,italian_greyhound
217,670069087419133954,unknown
218,670073503555706880,malamute
219,670079681849372674,unknown
220,670086499208155136,german_short-haired_pointer
221,670093938074779648,toy_poodle
222,670290420111441920,chihuahua
223,670303360680108032,shetland_sheepdog
224,670319130621435904,irish_terrier
225,670338931251150849,cairn
226,670361874861563904,unknown
227,670374371102445568,english_springer
228,670385711116361728,whippet
229,670403879788544000,pug
230,670408998013820928,unknown
231,670411370698022913,maltese_dog
232,670417414769758208,unknown
233,670420569653809152,unknown
234,670421925039075328,chihuahua
235,670427002554466305,seat_belt
236,670428280563085312,chow
237,670433248821026816,window_shade
238,670434127938719744,jack-o'-lantern
239,670435821946826752,sorrel
240,670442337873600512,sussex_spaniel
241,670444955656130560,english_springer
242,670449342516494336,unknown
243,670452855871037440,arctic_fox
244,670465786746662913,unknown
245,670468609693655041,unknown
246,670474236058800128,unknown
247,670668383499735048,unknown
248,670676092097810432,dandie_dinmont
249,670679630144274432,ibizan_hound
250,670691627984359425,shetland_sheepdog
251,670704688707301377,norwich_terrier
252,670717338665226240,pomeranian
253,670727704916926465,unknown
254,670733412878163972,unknown
255,670755717859713024,keeshond
256,670764103623966721,norfolk_terrier
257,670778058496974848,pug
258,670780561024270336,labrador_retriever
259,670782429121134593,chihuahua
260,670783437142401025,unknown
261,670786190031921152,dingo
262,670789397210615808,beagle
263,670792680469889025,brown_bear
264,670797304698376195,pembroke
265,670803562457407488,basenji
266,670804601705242624,pomeranian
267,670807719151067136,old_english_sheepdog
268,670811965569282048,basset
269,670815497391357952,american_staffordshire_terrier
270,670822709593571328,web_site
271,670823764196741120,labrador_retriever
272,670826280409919488,unknown
273,670832455012716544,malinois
274,670833812859932673,pekinese
275,670838202509447168,unknown
276,670840546554966016,shih-tzu
277,670842764863651840,unknown
278,670995969505435648,redbone
279,671109016219725825,basenji
280,671115716440031232,malinois
281,671122204919246848,goose
282,671134062904504320,shih-tzu
283,671138694582165504,samoyed
284,671141549288370177,guinea_pig
285,671147085991960577,yorkshire_terrier
286,671151324042559489,rottweiler
287,671154572044468225,labrador_retriever
288,671159727754231808,unknown
289,671163268581498880,african_hunting_dog
290,671166507850801152,unknown
291,671182547775299584,rottweiler
292,671186162933985280,chihuahua
293,671347597085433856,unknown
294,671355857343524864,miniature_poodle
295,671357843010908160,italian_greyhound
296,671362598324076544,unknown
297,671390180817915904,unknown
298,671485057807351808,samoyed
299,671486386088865792,german_shepherd
300,671488513339211776,unknown
301,671497587707535361,unknown
302,671504605491109889,toy_poodle
303,671511350426865664,unknown
304,671518598289059840,lakeland_terrier
305,671520732782923777,pomeranian
306,671528761649688577,doberman
307,671533943490011136,unknown
308,671536543010570240,pug
309,671538301157904385,unknown
310,671542985629241344,shetland_sheepdog
311,671544874165002241,unknown
312,671547767500775424,unknown
313,671561002136281088,gordon_setter
314,671729906628341761,kuvasz
315,671735591348891648,stone_wall
316,671743150407421952,toy_poodle
317,671744970634719232,unknown
318,671763349865160704,unknown
319,671768281401958400,chihuahua
320,671789708968640512,dalmatian
321,671855973984772097,unknown
322,671866342182637568,labrador_retriever
323,671874878652489728,unknown
324,671879137494245376,unknown
325,671882082306625538,unknown
326,671891728106971137,labrador_retriever
327,671896809300709376,chow
328,672068090318987265,pug
329,672082170312290304,hamster
330,672095186491711488,pug
331,672125275208069120,tennis_ball
332,672139350159835138,rottweiler
333,672160042234327040,pug
334,672169685991993344,cocker_spaniel
335,672205392827572224,carton
336,672222792075620352,beagle
337,672231046314901505,unknown
338,672239279297454080,pug
339,672245253877968896,chihuahua
340,672248013293752320,irish_terrier
341,672254177670729728,pug
342,672256522047614977,unknown
343,672264251789176834,chihuahua
344,672267570918129665,irish_terrier
345,672272411274932228,pug
346,672466075045466113,cocker_spaniel
347,672475084225949696,unknown
348,672481316919734272,border_collie
349,672482722825261057,west_highland_white_terrier
350,672488522314567680,doberman
351,672523490734551040,golden_retriever
352,672538107540070400,siamese_cat
353,672591271085670400,unknown
354,672591762242805761,kuvasz
355,672594978741354496,great_pyrenees
356,672604026190569472,toy_poodle
357,672609152938721280,unknown
358,672614745925664768,unknown
359,672622327801233409,golden_retriever
360,672640509974827008,chesapeake_bay_retriever
361,672828477930868736,unknown
362,672834301050937345,pembroke
363,672877615439593473,chihuahua
364,672884426393653248,unknown
365,672898206762672129,unknown
366,672902681409806336,unknown
367,672964561327235073,chihuahua
368,672968025906282496,toy_poodle
369,672970152493887488,unknown
370,672975131468300288,pug
371,672980819271634944,car_mirror
372,672984142909456390,unknown
373,672988786805112832,lakeland_terrier
374,672995267319328768,french_bulldog
375,672997845381865473,chow
376,673148804208660480,unknown
377,673213039743795200,schipperke
378,673240798075449344,airedale
379,673270968295534593,shih-tzu
380,673295268553605120,golden_retriever
381,673317986296586240,miniature_pinscher
382,673320132811366400,samoyed
383,673342308415348736,ski_mask
384,673343217010679808,chihuahua
385,673345638550134785,hamster
386,673350198937153538,west_highland_white_terrier
387,673352124999274496,golden_retriever
388,673355879178194945,rottweiler
389,673359818736984064,english_setter
390,673363615379013632,unknown
391,673576835670777856,unknown
392,673580926094458881,beagle
393,673583129559498752,arctic_fox
394,673612854080196609,newfoundland
395,673636718965334016,wombat
396,673656262056419329,bull_mastiff
397,673662677122719744,labrador_retriever
398,673680198160809984,samoyed
399,673686845050527744,pekinese
400,673688752737402881,soft-coated_wheaten_terrier
401,673689733134946305,chesapeake_bay_retriever
402,673697980713705472,unknown
403,673700254269775872,unknown
404,673705679337693185,shih-tzu
405,673707060090052608,german_short-haired_pointer
406,673708611235921920,golden_retriever
407,673709992831262724,chihuahua
408,673711475735838725,maltese_dog
409,673715861853720576,unknown
410,673887867907739649,brabancon_griffon
411,673906403526995968,toilet_seat
412,673919437611909120,jack-o'-lantern
413,673956914389192708,pug
414,674008982932058114,unknown
415,674014384960745472,pembroke
416,674019345211760640,collie
417,674024893172875264,pomeranian
418,674036086168010753,toy_poodle
419,674038233588723717,eskimo_dog
420,674042553264685056,toy_poodle
421,674045139690631169,unknown
422,674051556661161984,shih-tzu
423,674053186244734976,cardigan
424,674063288070742018,unknown
425,674075285688614912,airedale
426,674082852460433408,pomeranian
427,674255168825880576,eskimo_dog
428,674262580978937856,greater_swiss_mountain_dog
429,674265582246694913,unknown
430,674269164442398721,pug
431,674271431610523648,german_shepherd
432,674291837063053312,cardigan
433,674318007229923329,unknown
434,674372068062928900,unknown
435,674394782723014656,toilet_tissue
436,674410619106390016,brown_bear
437,674416750885273600,chihuahua
438,674422304705744896,golden_retriever
439,674436901579923456,acorn_squash
440,674447403907457024,brabancon_griffon
441,674468880899788800,chow
442,674632714662858753,unknown
443,674638615994089473,pomeranian
444,674644256330530816,soccer_ball
445,674646392044941312,flat-coated_retriever
446,674664755118911488,unknown
447,674670581682434048,malamute
448,674690135443775488,unknown
449,674737130913071104,pomeranian
450,674739953134403584,dandie_dinmont
451,674743008475090944,bernese_mountain_dog
452,674752233200820224,vizsla
453,674754018082705410,unknown
454,674764817387900928,samoyed
455,674767892831932416,unknown
456,674774481756377088,chihuahua
457,674781762103414784,unknown
458,674788554665512960,miniature_poodle
459,674790488185167872,labrador_retriever
460,674793399141146624,giant_schnauzer
461,674800520222154752,pembroke
462,674805413498527744,english_springer
463,674999807681908736,rottweiler
464,675003128568291329,pembroke
465,675006312288268288,boxer
466,675015141583413248,street_sign
467,675047298674663426,samoyed
468,675109292475830276,dalmatian
469,675111688094527488,labrador_retriever
470,675113801096802304,unknown
471,675135153782571009,unknown
472,675145476954566656,labrador_retriever
473,675146535592706048,dingo
474,675147105808306176,golden_retriever
475,675149409102012420,chow
476,675153376133427200,unknown
477,675166823650848770,llama
478,675334060156301312,pembroke
479,675349384339542016,borzoi
480,675354435921575936,upright
481,675362609739206656,labrador_retriever
482,675372240448454658,chihuahua
483,675432746517426176,labrador_retriever
484,675483430902214656,unknown
485,675489971617296384,west_highland_white_terrier
486,675497103322386432,vizsla
487,675501075957489664,unknown
488,675517828909424640,scottish_deerhound
489,675522403582218240,cocker_spaniel
490,675531475945709568,pembroke
491,675534494439489536,chow
492,675706639471788032,english_springer
493,675707330206547968,bath_towel
494,675710890956750848,standard_schnauzer
495,675740360753160193,golden_retriever
496,675781562965868544,maltese_dog
497,675798442703122432,beagle
498,675820929667219457,basset
499,675822767435051008,pomeranian
500,675845657354215424,pug
501,675853064436391936,labrador_retriever
502,675870721063669760,golden_retriever
503,675878199931371520,wood_rabbit
504,675888385639251968,west_highland_white_terrier
505,675891555769696257,italian_greyhound
506,675898130735476737,labrador_retriever
507,676089483918516224,bull_mastiff
508,676098748976615425,unknown
509,676101918813499392,shih-tzu
510,676146341966438401,irish_water_spaniel
511,676191832485810177,chihuahua
512,676215927814406144,unknown
513,676219687039057920,bubble
514,676237365392908289,french_bulldog
515,676263575653122048,teddy
516,676430933382295552,golden_retriever
517,676440007570247681,maltese_dog
518,676470639084101634,golden_retriever
519,676496375194980353,pug
520,676533798876651520,chow
521,676575501977128964,feather_boa
522,676582956622721024,seat_belt
523,676588346097852417,boston_bull
524,676603393314578432,whippet
525,676606785097199616,loafer
526,676613908052996102,book_jacket
527,676617503762681856,chihuahua
528,676776431406465024,unknown
529,676811746707918848,chihuahua
530,676819651066732545,rain_barrel
531,676821958043033607,great_pyrenees
532,676864501615042560,chesapeake_bay_retriever
533,676897532954456065,unknown
534,676936541936185344,chesapeake_bay_retriever
535,676942428000112642,unknown
536,676946864479084545,pekinese
537,676948236477857792,unknown
538,676949632774234114,welsh_springer_spaniel
539,676957860086095872,labrador_retriever
540,676975532580409345,malamute
541,677187300187611136,english_setter
542,677228873407442944,unknown
543,677269281705472000,shetland_sheepdog
544,677301033169788928,japanese_spaniel
545,677314812125323265,blenheim_spaniel
546,677328882937298944,water_buffalo
547,677331501395156992,beagle
548,677334615166730240,lakeland_terrier
549,677530072887205888,staffordshire_bullterrier
550,677547928504967168,american_staffordshire_terrier
551,677557565589463040,seat_belt
552,677565715327688705,basset
553,677573743309385728,unknown
554,677644091929329666,chihuahua
555,677662372920729601,unknown
556,677673981332312066,maltese_dog
557,677687604918272002,pembroke
558,677698403548192770,shih-tzu
559,677700003327029250,siberian_husky
560,677716515794329600,teddy
561,677895101218201600,dalmatian
562,677918531514703872,eskimo_dog
563,678021115718029313,miniature_pinscher
564,678255464182861824,chihuahua
565,678278586130948096,maltese_dog
566,678334497360859136,norfolk_terrier
567,678341075375947776,golden_retriever
568,678380236862578688,dogsled
569,678389028614488064,miniature_pinscher
570,678396796259975168,pembroke
571,678399652199309312,swing
572,678410210315247616,schipperke
573,678424312106393600,maltese_dog
574,678446151570427904,staffordshire_bullterrier
575,678643457146150913,labrador_retriever
576,678675843183484930,unknown
577,678740035362037760,seat_belt
578,678755239630127104,malamute
579,678764513869611008,irish_terrier
580,678767140346941444,unknown
581,678774928607469569,pembroke
582,678798276842360832,airedale
583,678800283649069056,labrador_retriever
584,678969228704284672,labrador_retriever
585,678991772295516161,eskimo_dog
586,679047485189439488,panpipe
587,679062614270468097,cash_machine
588,679111216690831360,kelpie
589,679132435750195208,scottish_deerhound
590,679148763231985668,italian_greyhound
591,679158373988876288,pug
592,679462823135686656,toy_poodle
593,679475951516934144,maltese_dog
594,679503373272485890,unknown
595,679511351870550016,chihuahua
596,679527802031484928,unknown
597,679530280114372609,dalmatian
598,679722016581222400,boxer
599,679729593985699840,wallaby
600,679736210798047232,french_bulldog
601,679777920601223168,bloodhound
602,679828447187857408,chihuahua
603,679844490799091713,airedale
604,679854723806179328,llama
605,679862121895714818,entlebucher
606,679877062409191424,unknown
607,680055455951884288,samoyed
608,680070545539371008,earthstar
609,680085611152338944,unknown
610,680100725817409536,golden_retriever
611,680115823365742593,pug
612,680130881361686529,maltese_dog
613,680145970311643136,miniature_poodle
614,680161097740095489,bluetick
615,680176173301628928,unknown
616,680191257256136705,brittany_spaniel
617,680206703334408192,unknown
618,680221482581123072,unknown
619,680440374763077632,unknown
620,680473011644985345,lakeland_terrier
621,680494726643068929,kuvasz
622,680497766108381184,chihuahua
623,680583894916304897,unknown
624,680609293079592961,french_bulldog
625,680798457301471234,unknown
626,680801747103793152,pug
627,680836378243002368,pembroke
628,680889648562991104,shetland_sheepdog
629,680913438424612864,pomeranian
630,680934982542561280,labrador_retriever
631,680940246314430465,soft-coated_wheaten_terrier
632,680959110691590145,carousel
633,680970795137544192,pug
634,681193455364796417,pomeranian
635,681231109724700672,irish_setter
636,681242418453299201,unknown
637,681261549936340994,tibetan_terrier
638,681281657291280384,saint_bernard
639,681297372102656000,lhasa
640,681302363064414209,unknown
641,681320187870711809,samoyed
642,681339448655802368,seat_belt
643,681523177663676416,norfolk_terrier
644,681579835668455424,rottweiler
645,681610798867845120,toy_poodle
646,681654059175129088,pomeranian
647,681679526984871937,unknown
648,681694085539872773,toy_poodle
649,681891461017812993,chihuahua
650,681981167097122816,labrador_retriever
651,682003177596559360,unknown
652,682032003584274432,schipperke
653,682047327939461121,unknown
654,682059653698686977,unknown
655,682242692827447297,unknown
656,682259524040966145,siberian_husky
657,682303737705140231,seat_belt
658,682389078323662849,curly-coated_retriever
659,682393905736888321,vizsla
660,682406705142087680,unknown
661,682429480204398592,whippet
662,682638830361513985,english_springer
663,682662431982772225,beagle
664,682697186228989953,unknown
665,682750546109968385,english_setter
666,682788441537560576,unknown
667,682962037429899265,dingo
668,683030066213818368,boxer
669,683078886620553216,koala
670,683098815881154561,golden_retriever
671,683111407806746624,cocker_spaniel
672,683142553609318400,leonberg
673,683357973142474752,pembroke
674,683391852557561860,french_bulldog
675,683449695444799489,lakeland_terrier
676,683462770029932544,italian_greyhound
677,683481228088049664,keeshond
678,683498322573824003,airedale
679,683742671509258241,pembroke
680,683773439333797890,miniature_pinscher
681,683828599284170753,malamute
682,683834909291606017,maltese_dog
683,683849932751646720,hog
684,683852578183077888,toy_poodle
685,683857920510050305,bluetick
686,684097758874210310,labrador_retriever
687,684122891630342144,unknown
688,684177701129875456,chow
689,684188786104872960,kelpie
690,684195085588783105,chihuahua
691,684200372118904832,unknown
692,684222868335505415,soft-coated_wheaten_terrier
693,684225744407494656,golden_retriever
694,684241637099323392,pembroke
695,684460069371654144,labrador_retriever
696,684481074559381504,chihuahua
697,684538444857667585,chihuahua
698,684567543613382656,unknown
699,684594889858887680,weimaraner
700,684800227459624960,miniature_schnauzer
701,684880619965411328,unknown
702,684902183876321280,pembroke
703,684914660081053696,shopping_cart
704,684926975086034944,labrador_retriever
705,684940049151070208,border_collie
706,684959798585110529,unknown
707,685169283572338688,bernese_mountain_dog
708,685198997565345792,dishwasher
709,685268753634967552,pug
710,685307451701334016,pomeranian
711,685315239903100929,chow
712,685321586178670592,boston_bull
713,685325112850124800,golden_retriever
714,685532292383666176,white_wolf
715,685547936038666240,unknown
716,685641971164143616,lakeland_terrier
717,685663452032069632,chesapeake_bay_retriever
718,685667379192414208,unknown
719,685906723014619143,yorkshire_terrier
720,685943807276412928,papillon
721,685973236358713344,siberian_husky
722,686003207160610816,unknown
723,686007916130873345,rhodesian_ridgeback
724,686034024800862208,great_dane
725,686050296934563840,pomeranian
726,686358356425093120,pug
727,686377065986265092,german_shepherd
728,686386521809772549,yorkshire_terrier
729,686606069955735556,labrador_retriever
730,686618349602762752,rottweiler
731,686683045143953408,norwich_terrier
732,686730991906516992,tibetan_mastiff
733,686749460672679938,unknown
734,686947101016735744,unknown
735,687096057537363968,labrador_retriever
736,687102708889812993,unknown
737,687109925361856513,borzoi
738,687124485711986689,car_mirror
739,687127927494963200,pug
740,687312378585812992,seat_belt
741,687317306314240000,shih-tzu
742,687460506001633280,boston_bull
743,687476254459715584,unknown
744,687480748861947905,english_springer
745,687494652870668288,rottweiler
746,687664829264453632,pug
747,687704180304273409,miniature_pinscher
748,687807801670897665,staffordshire_bullterrier
749,687818504314159109,lakeland_terrier
750,687826841265172480,pomeranian
751,688064179421470721,eskimo_dog
752,688116655151435777,pug
753,688179443353796608,unknown
754,688211956440801280,unknown
755,688385280030670848,golden_retriever
756,688519176466644993,pembroke
757,688547210804498433,papillon
758,688789766343622656,american_staffordshire_terrier
759,688804835492233216,malinois
760,688828561667567616,cardigan
761,688894073864884227,unknown
762,688898160958271489,ibizan_hound
763,688908934925697024,unknown
764,688916208532455424,pembroke
765,689143371370250240,english_springer
766,689154315265683456,cocker_spaniel
767,689275259254616065,american_staffordshire_terrier
768,689280876073582592,chihuahua
769,689283819090870273,scotch_terrier
770,689289219123089408,unknown
771,689517482558820352,pembroke
772,689557536375177216,eskimo_dog
773,689599056876867584,dogsled
774,689623661272240129,toy_poodle
775,689659372465688576,unknown
776,689661964914655233,italian_greyhound
777,689835978131935233,collie
778,689877686181715968,old_english_sheepdog
779,689905486972461056,pomeranian
780,689977555533848577,cowboy_hat
781,689999384604450816,standard_poodle
782,690005060500217858,samoyed
783,690015576308211712,malamute
784,690021994562220032,badger
785,690248561355657216,unknown
786,690360449368465409,pug
787,690374419777196032,kuvasz
788,690400367696297985,pembroke
789,690597161306841088,lhasa
790,690649993829576704,bighorn
791,690690673629138944,bath_towel
792,690728923253055490,kuvasz
793,690735892932222976,golden_retriever
794,690932576555528194,unknown
795,690938899477221376,unknown
796,690959652130045952,golden_retriever
797,691090071332753408,unknown
798,691096613310316544,borzoi
799,691321916024623104,rottweiler
800,691416866452082688,lakeland_terrier
801,691444869282295808,bernese_mountain_dog
802,691459709405118465,shetland_sheepdog
803,691483041324204033,bloodhound
804,691675652215414786,chihuahua
805,691756958957883396,saint_bernard
806,691820333922455552,unknown
807,692017291282812928,tibetan_terrier
808,692142790915014657,toy_poodle
809,692158366030913536,pug
810,692187005137076224,siberian_husky
811,692417313023332352,unknown
812,692530551048294401,siberian_husky
813,692535307825213440,pug
814,692568918515392513,golden_retriever
815,692752401762250755,samoyed
816,692828166163931137,samoyed
817,692894228850999298,german_short-haired_pointer
818,692901601640583168,soft-coated_wheaten_terrier
819,692905862751522816,mexican_hairless
820,692919143163629568,saint_bernard
821,693095443459342336,ice_lolly
822,693109034023534592,cocker_spaniel
823,693155686491000832,shih-tzu
824,693231807727280129,vizsla
825,693262851218264065,golden_retriever
826,693280720173801472,labrador_retriever
827,693486665285931008,unknown
828,693590843962331137,unknown
829,693622659251335168,malamute
830,693629975228977152,pug
831,693642232151285760,scottish_deerhound
832,693647888581312512,unknown
833,693942351086120961,groenendael
834,694001791655137281,pembroke
835,694183373896572928,teddy
836,694206574471057408,shih-tzu
837,694329668942569472,boxer
838,694352839993344000,australian_terrier
839,694356675654983680,hamster
840,694669722378485760,unknown
841,694905863685980160,unknown
842,695051054296211456,boston_bull
843,695064344191721472,unknown
844,695074328191332352,shih-tzu
845,695095422348574720,papillon
846,695314793360662529,maltese_dog
847,695409464418041856,pug
848,695446424020918272,basenji
849,695629776980148225,old_english_sheepdog
850,695767669421768709,soft-coated_wheaten_terrier
851,695794761660297217,samoyed
852,695816827381944320,pomeranian
853,696405997980676096,borzoi
854,696488710901260288,briard
855,696713835009417216,car_mirror
856,696754882863349760,weasel
857,696877980375769088,unknown
858,696886256886657024,kuvasz
859,696894894812565505,appenzeller
860,696900204696625153,chihuahua
861,697242256848379904,grey_fox
862,697255105972801536,great_dane
863,697259378236399616,great_dane
864,697270446429966336,toy_poodle
865,697463031882764288,labrador_retriever
866,697482927769255936,unknown
867,697575480820686848,siamese_cat
868,697596423848730625,shetland_sheepdog
869,697616773278015490,lhasa
870,697881462549430272,unknown
871,697943111201378304,great_dane
872,697990423684476929,pembroke
873,697995514407682048,staffordshire_bullterrier
874,698178924120031232,chesapeake_bay_retriever
875,698195409219559425,labrador_retriever
876,698262614669991936,italian_greyhound
877,698342080612007937,boxer
878,698355670425473025,pug
879,698549713696649216,french_bulldog
880,698635131305795584,samoyed
881,698703483621523456,brittany_spaniel
882,698710712454139905,samoyed
883,698907974262222848,german_short-haired_pointer
884,698953797952008193,italian_greyhound
885,698989035503689728,norfolk_terrier
886,699036661657767936,chihuahua
887,699072405256409088,shih-tzu
888,699079609774645248,schipperke
889,699088579889332224,unknown
890,699323444782047232,labrador_retriever
891,699370870310113280,cairn
892,699413908797464576,samoyed
893,699423671849451520,pug
894,699434518667751424,golden_retriever
895,699446877801091073,pembroke
896,699691744225525762,unknown
897,699775878809702401,dandie_dinmont
898,699779630832685056,malinois
899,699788877217865730,border_terrier
900,699801817392291840,golden_retriever
901,700002074055016451,chihuahua
902,700029284593901568,west_highland_white_terrier
903,700062718104104960,unknown
904,700143752053182464,golden_retriever
905,700151421916807169,tennis_ball
906,700167517596164096,beagle
907,700462010979500032,hamster
908,700505138482569216,bath_towel
909,700518061187723268,american_staffordshire_terrier
910,700747788515020802,great_pyrenees
911,700796979434098688,unknown
912,700847567345688576,rhodesian_ridgeback
913,700864154249383937,kuvasz
914,700890391244103680,white_wolf
915,701214700881756160,chihuahua
916,701545186879471618,border_collie
917,701570477911896070,yorkshire_terrier
918,701601587219795968,chihuahua
919,701889187134500865,french_bulldog
920,701952816642965504,toy_poodle
921,701981390485725185,pomeranian
922,702217446468493312,golden_retriever
923,702276748847800320,boston_bull
924,702321140488925184,west_highland_white_terrier
925,702539513671897089,pomeranian
926,702598099714314240,kelpie
927,702671118226825216,bloodhound
928,702684942141153280,golden_retriever
929,702932127499816960,unknown
930,703041949650034688,unknown
931,703079050210877440,pembroke
932,703268521220972544,wool
933,703356393781329922,border_collie
934,703382836347330562,golden_retriever
935,703407252292673536,unknown
936,703425003149250560,miniature_pinscher
937,703611486317502464,pembroke
938,703631701117943808,unknown
939,703769065844768768,boxer
940,703774238772166656,labrador_retriever
941,704054845121142784,great_pyrenees
942,704113298707505153,unknown
943,704347321748819968,teddy
944,704364645503647744,pembroke
945,704480331685040129,samoyed
946,704499785726889984,chihuahua
947,704761120771465216,siamese_cat
948,704819833553219584,unknown
949,704847917308362754,golden_retriever
950,704859558691414016,pug
951,704871453724954624,norfolk_terrier
952,705066031337840642,airedale
953,705102439679201280,collie
954,705223444686888960,egyptian_cat
955,705239209544720384,chihuahua
956,705428427625635840,chihuahua
957,705442520700944385,great_pyrenees
958,705475953783398401,golden_retriever
959,705591895322394625,basenji
960,705786532653883392,web_site
961,705898680587526145,collie
962,705970349788291072,golden_retriever
963,705975130514706432,staffordshire_bullterrier
964,706166467411222528,samoyed
965,706265994973601792,papillon
966,706291001778950144,border_terrier
967,706310011488698368,pembroke
968,706346369204748288,tibetan_mastiff
969,706516534877929472,golden_retriever
970,706538006853918722,chow
971,706593038911545345,unknown
972,706644897839910912,space_heater
973,706681918348251136,toy_poodle
974,706901761596989440,unknown
975,707014260413456384,chihuahua
976,707021089608753152,cocker_spaniel
977,707038192327901184,pug
978,707059547140169728,samoyed
979,707297311098011648,blenheim_spaniel
980,707315916783140866,bernese_mountain_dog
981,707377100785885184,golden_retriever
982,707387676719185920,chihuahua
983,707411934438625280,lakeland_terrier
984,707420581654872064,ram
985,707610948723478529,golden_retriever
986,707693576495472641,unknown
987,707741517457260545,whippet
988,707776935007539200,miniature_pinscher
989,707969809498152960,toy_poodle
990,707995814724026368,unknown
991,708026248782585858,malinois
992,708109389455101952,staffordshire_bullterrier
993,708119489313951744,norwich_terrier
994,708130923141795840,french_bulldog
995,708149363256774660,cardigan
996,708349470027751425,muzzle
997,708356463048204288,pug
998,708469915515297792,chihuahua
999,708479650088034305,shih-tzu
1000,708711088997666817,tennis_ball
1001,708738143638450176,pomeranian
1002,708810915978854401,golden_retriever
1003,708834316713893888,eskimo_dog
1004,708845821941387268,schipperke
1005,709042156699303936,hotdog
1006,709158332880297985,siberian_husky
1007,709198395643068416,borzoi
1008,709207347839836162,chihuahua
1009,709225125749587968,labrador_retriever
1010,709409458133323776,shetland_sheepdog
1011,709449600415961088,maltese_dog
1012,709519240576036864,cocker_spaniel
1013,709556954897764353,golden_retriever
1014,709566166965075968,chow
1015,709852847387627521,chihuahua
1016,709901256215666688,unknown
1017,709918798883774466,pembroke
1018,710117014656950272,toy_poodle
1019,710140971284037632,pekinese
1020,710153181850935296,cowboy_hat
1021,710269109699739648,pug
1022,710272297844797440,old_english_sheepdog
1023,710283270106132480,shih-tzu
1024,710588934686908417,pembroke
1025,710658690886586372,soft-coated_wheaten_terrier
1026,710833117892898816,pembroke
1027,710844581445812225,dingo
1028,710997087345876993,malamute
1029,711008018775851008,french_bulldog
1030,711306686208872448,leatherback_turtle
1031,711363825979756544,pembroke
1032,711652651650457602,unknown
1033,711694788429553666,unknown
1034,711732680602345472,dingo
1035,711743778164514816,lakeland_terrier
1036,711968124745228288,unknown
1037,711998809858043904,comic_book
1038,712065007010385924,unknown
1039,712085617388212225,shih-tzu
1040,712092745624633345,unknown
1041,712097430750289920,labrador_retriever
1042,712438159032893441,ice_bear
1043,712668654853337088,labrador_retriever
1044,712717840512598017,great_pyrenees
1045,712809025985978368,labrador_retriever
1046,713175907180089344,timber_wolf
1047,713177543487135744,whippet
1048,713411074226274305,great_pyrenees
1049,713761197720473600,brittany_spaniel
1050,713900603437621249,golden_retriever
1051,713919462244790272,siberian_husky
1052,714141408463036416,labrador_retriever
1053,714214115368108032,pug
1054,714251586676113411,soft-coated_wheaten_terrier
1055,714258258790387713,collie
1056,714606013974974464,norfolk_terrier
1057,714631576617938945,unknown
1058,714957620017307648,great_pyrenees
1059,714982300363173890,brittany_spaniel
1060,715009755312439296,dingo
1061,715200624753819648,chihuahua
1062,715220193576927233,chihuahua
1063,715342466308784130,west_highland_white_terrier
1064,715360349751484417,unknown
1065,715680795826982913,golden_retriever
1066,715696743237730304,staffordshire_bullterrier
1067,715733265223708672,dandie_dinmont
1068,715928423106027520,pug
1069,716080869887381504,golden_retriever
1070,716285507865542656,yorkshire_terrier
1071,716439118184652801,siberian_husky
1072,716791146589110272,pomeranian
1073,716802964044845056,malinois
1074,717009362452090881,siberian_husky
1075,717047459982213120,golden_retriever
1076,717421804990701568,miniature_pinscher
1077,717537687239008257,golden_retriever
1078,717790033953034240,unknown
1079,717841801130979328,brittany_spaniel
1080,718234618122661888,malamute
1081,718246886998687744,chihuahua
1082,718454725339934721,unknown
1083,718460005985447936,badger
1084,718540630683709445,maltese_dog
1085,718613305783398402,labrador_retriever
1086,718631497683582976,pomeranian
1087,718939241951195136,pembroke
1088,718971898235854848,golden_retriever
1089,719332531645071360,dandie_dinmont
1090,719339463458033665,golden_retriever
1091,719367763014393856,swing
1092,719551379208073216,malamute
1093,719704490224398336,unknown
1094,719991154352222208,golden_retriever
1095,720043174954147842,samoyed
1096,720059472081784833,mexican_hairless
1097,720340705894408192,unknown
1098,720389942216527872,pembroke
1099,720415127506415616,rottweiler
1100,720775346191278080,newfoundland
1101,720785406564900865,chihuahua
1102,721001180231503872,samoyed
1103,721503162398597120,pomeranian
1104,722613351520608256,labrador_retriever
1105,722974582966214656,great_dane
1106,723179728551723008,tennis_ball
1107,723673163800948736,golden_retriever
1108,723688335806480385,teddy
1109,723912936180330496,samoyed
1110,724004602748780546,siamese_cat
1111,724046343203856385,boxer
1112,724049859469295616,border_collie
1113,724405726123311104,golden_retriever
1114,724771698126512129,german_short-haired_pointer
1115,724983749226668032,golden_retriever
1116,725729321944506368,boxer
1117,725786712245440512,chow
1118,725842289046749185,toy_poodle
1119,726224900189511680,standard_poodle
1120,726828223124897792,miniature_pinscher
1121,726887082820554753,soft-coated_wheaten_terrier
1122,726935089318363137,teddy
1123,727175381690781696,flat-coated_retriever
1124,727286334147182592,bonnet
1125,727314416056803329,toy_poodle
1126,727524757080539137,pomeranian
1127,727644517743104000,great_pyrenees
1128,727685679342333952,border_collie
1129,728015554473250816,cocker_spaniel
1130,728035342121635841,handkerchief
1131,728046963732717569,newfoundland
1132,728387165835677696,collie
1133,728409960103686147,siamese_cat
1134,728653952833728512,unknown
1135,728751179681943552,saint_bernard
1136,728760639972315136,pembroke
1137,728986383096946689,maltese_dog
1138,729113531270991872,unknown
1139,729463711119904772,german_shepherd
1140,729823566028484608,kelpie
1141,729838605770891264,unknown
1142,729854734790754305,unknown
1143,730196704625098752,unknown
1144,730211855403241472,pug
1145,730427201120833536,eskimo_dog
1146,730573383004487680,american_staffordshire_terrier
1147,730924654643314689,polecat
1148,731156023742988288,unknown
1149,731285275100512256,pembroke
1150,732005617171337216,english_setter
1151,732375214819057664,tennis_ball
1152,732585889486888962,staffordshire_bullterrier
1153,732726085725589504,pomeranian
1154,732732193018155009,koala
1155,733109485275860992,golden_retriever
1156,733460102733135873,chow
1157,733482008106668032,french_bulldog
1158,733822306246479872,lhasa
1159,733828123016450049,beagle
1160,734776360183431168,siberian_husky
1161,734787690684657664,golden_retriever
1162,734912297295085568,maltese_dog
1163,735137028879360001,walker_hound
1164,735256018284875776,staffordshire_bullterrier
1165,735274964362878976,unknown
1166,735635087207878657,pug
1167,735648611367784448,pembroke
1168,735991953473572864,cocker_spaniel
1169,736010884653420544,golden_retriever
1170,736225175608430592,labrador_retriever
1171,736365877722001409,cup
1172,736736130620620800,schipperke
1173,737310737551491075,unknown
1174,737322739594330112,unknown
1175,737445876994609152,samoyed
1176,737678689543020544,pembroke
1177,737800304142471168,malamute
1178,737826014890496000,vizsla
1179,738156290900254721,pug
1180,738166403467907072,keeshond
1181,738184450748633089,bedlington_terrier
1182,738402415918125056,cocker_spaniel
1183,738537504001953792,chow
1184,738883359779196928,labrador_retriever
1185,738885046782832640,bath_towel
1186,739238157791694849,eskimo_dog
1187,739485634323156992,walker_hound
1188,739544079319588864,labrador_retriever
1189,739606147276148736,blenheim_spaniel
1190,739844404073074688,toy_poodle
1191,739932936087216128,redbone
1192,739979191639244800,irish_water_spaniel
1193,740214038584557568,chesapeake_bay_retriever
1194,740359016048689152,golden_retriever
1195,740365076218183684,unknown
1196,740373189193256964,golden_retriever
1197,740676976021798912,wombat
1198,740699697422163968,unknown
1199,740711788199743490,toy_poodle
1200,740995100998766593,malamute
1201,741067306818797568,golden_retriever
1202,741303864243200000,chihuahua
1203,741438259667034112,chesapeake_bay_retriever
1204,741743634094141440,labrador_retriever
1205,741793263812808706,kuvasz
1206,742150209887731712,siamese_cat
1207,742161199639494656,unknown
1208,742385895052087300,cardigan
1209,742423170473463808,pug
1210,742465774154047488,unknown
1211,742528092657332225,unknown
1212,743210557239623680,golden_retriever
1213,743222593470234624,kuvasz
1214,743253157753532416,malamute
1215,743510151680958465,unknown
1216,743545585370791937,rapeseed
1217,743595368194129920,unknown
1218,743609206067040256,weimaraner
1219,743895849529389061,dalmatian
1220,743980027717509120,bull_mastiff
1221,744234799360020481,labrador_retriever
1222,744334592493166593,samoyed
1223,744709971296780288,shetland_sheepdog
1224,744971049620602880,toy_poodle
1225,744995568523612160,old_english_sheepdog
1226,745057283344719872,shetland_sheepdog
1227,745314880350101504,unknown
1228,745422732645535745,labrador_retriever
1229,745433870967832576,barrow
1230,745712589599014916,seat_belt
1231,745789745784041472,pekinese
1232,746056683365994496,shetland_sheepdog
1233,746131877086527488,chow
1234,746369468511756288,german_shepherd
1235,746507379341139972,toy_poodle
1236,746726898085036033,golden_retriever
1237,746790600704425984,boston_bull
1238,746818907684614144,dingo
1239,746872823977771008,pembroke
1240,746906459439529985,unknown
1241,747103485104099331,labrador_retriever
1242,747204161125646336,unknown
1243,747219827526344708,shetland_sheepdog
1244,747461612269887489,unknown
1245,747512671126323200,cardigan
1246,747594051852075008,basenji
1247,747600769478692864,chesapeake_bay_retriever
1248,747816857231626240,pembroke
1249,747844099428986880,pembroke
1250,747885874273214464,kuvasz
1251,747933425676525569,samoyed
1252,747963614829678593,kelpie
1253,748307329658011649,unknown
1254,748324050481647620,shetland_sheepdog
1255,748346686624440324,borzoi
1256,748568946752774144,tibetan_terrier
1257,748575535303884801,muzzle
1258,748692773788876800,unknown
1259,748699167502000129,pembroke
1260,748705597323898880,unknown
1261,748932637671223296,borzoi
1262,748977405889503236,german_short-haired_pointer
1263,749036806121881602,sulphur-crested_cockatoo
1264,749064354620928000,pug
1265,749317047558017024,wire-haired_fox_terrier
1266,749395845976588288,pomeranian
1267,749403093750648834,chesapeake_bay_retriever
1268,749417653287129088,papillon
1269,749774190421639168,pekinese
1270,749981277374128128,unknown
1271,749996283729883136,old_english_sheepdog
1272,750011400160841729,muzzle
1273,750026558547456000,standard_poodle
1274,750041628174217216,labrador_retriever
1275,750056684286914561,saluki
1276,750071704093859840,redbone
1277,750086836815486976,pug
1278,750101899009982464,golden_retriever
1279,750117059602808832,shih-tzu
1280,750132105863102464,toy_poodle
1281,750147208377409536,pug
1282,750383411068534784,border_collie
1283,750429297815552001,golden_retriever
1284,750506206503038976,unknown
1285,750719632563142656,pembroke
1286,750868782890057730,toy_poodle
1287,751132876104687617,labrador_retriever
1288,751205363882532864,labrador_retriever
1289,751251247299190784,walker_hound
1290,751456908746354688,golden_retriever
1291,751538714308972544,labrador_retriever
1292,751583847268179968,dalmatian
1293,751598357617971201,toy_poodle
1294,751830394383790080,chow
1295,751937170840121344,lakeland_terrier
1296,752173152931807232,labrador_retriever
1297,752309394570878976,upright
1298,752334515931054080,bedlington_terrier
1299,752519690950500352,swing
1300,752660715232722944,goose
1301,752682090207055872,german_shepherd
1302,752917284578922496,german_shepherd
1303,753026973505581056,pembroke
1304,753294487569522689,chow
1305,753375668877008896,bluetick
1306,753398408988139520,whippet
1307,753420520834629632,unknown
1308,753655901052166144,miniature_pinscher
1309,754011816964026368,french_bulldog
1310,754120377874386944,chow
1311,754449512966619136,beagle
1312,754482103782404096,unknown
1313,754747087846248448,unknown
1314,754856583969079297,golden_retriever
1315,754874841593970688,pug
1316,755110668769038337,labrador_retriever
1317,755206590534418437,unknown
1318,755955933503782912,pekinese
1319,756275833623502848,airedale
1320,756288534030475264,conch
1321,756303284449767430,golden_retriever
1322,756526248105566208,unknown
1323,756651752796094464,pembroke
1324,756939218950160384,golden_retriever
1325,756998049151549440,golden_retriever
1326,757354760399941633,italian_greyhound
1327,757393109802180609,labrador_retriever
1328,757400162377592832,seat_belt
1329,757596066325864448,unknown
1330,757597904299253760,unknown
1331,757611664640446465,bluetick
1332,757725642876129280,seat_belt
1333,757729163776290825,cash_machine
1334,757741869644341248,skunk
1335,758041019896193024,bookshop
1336,758355060040593408,pembroke
1337,758405701903519748,chesapeake_bay_retriever
1338,758467244762497024,labrador_retriever
1339,758474966123810816,pembroke
1340,758740312047005698,chesapeake_bay_retriever
1341,758828659922702336,chesapeake_bay_retriever
1342,758854675097526272,barrow
1343,759047813560868866,labrador_retriever
1344,759099523532779520,shetland_sheepdog
1345,759159934323924993,irish_terrier
1346,759197388317847553,kuvasz
1347,759447681597108224,kuvasz
1348,759557299618865152,golden_retriever
1349,759566828574212096,labrador_retriever
1350,759793422261743616,golden_retriever
1351,759846353224826880,sussex_spaniel
1352,759923798737051648,labrador_retriever
1353,760190180481531904,unknown
1354,760252756032651264,unknown
1355,760290219849637889,old_english_sheepdog
1356,760539183865880579,samoyed
1357,760641137271070720,unknown
1358,760656994973933572,golden_retriever
1359,760893934457552897,blenheim_spaniel
1360,761004547850530816,golden_retriever
1361,761227390836215808,cougar
1362,761292947749015552,standard_poodle
1363,761334018830917632,norwegian_elkhound
1364,761371037149827077,unknown
1365,761599872357261312,gordon_setter
1366,761672994376806400,unknown
1367,761745352076779520,unknown
1368,761750502866649088,golden_retriever
1369,761976711479193600,labrador_retriever
1370,762035686371364864,unknown
1371,762316489655476224,unknown
1372,762464539388485633,chow
1373,762471784394268675,samoyed
1374,762699858130116608,kelpie
1375,763103485927849985,seat_belt
1376,763183847194451968,miniature_poodle
1377,763837565564780549,malamute
1378,764259802650378240,german_shepherd
1379,764857477905154048,bernese_mountain_dog
1380,765222098633691136,dalmatian
1381,765371061932261376,golden_retriever
1382,765395769549590528,pembroke
1383,765669560888528897,beagle
1384,765719909049503744,golden_retriever
1385,766008592277377025,welsh_springer_spaniel
1386,766069199026450432,redbone
1387,766078092750233600,toy_poodle
1388,766313316352462849,toy_poodle
1389,766423258543644672,keeshond
1390,766693177336135680,doberman
1391,766793450729734144,beagle
1392,767122157629476866,toy_poodle
1393,767191397493538821,unknown
1394,767500508068192258,chow
1395,767754930266464257,vizsla
1396,767884188863397888,unknown
1397,768193404517830656,unknown
1398,768473857036525572,labrador_retriever
1399,768596291618299904,great_pyrenees
1400,768609597686943744,basenji
1401,768855141948723200,chow
1402,768970937022709760,pomeranian
1403,769212283578875904,golden_retriever
1404,769695466921623552,pug
1405,769940425801170949,miniature_pinscher
1406,770069151037685760,boston_bull
1407,770093767776997377,golden_retriever
1408,770293558247038976,italian_greyhound
1409,770414278348247044,maillot
1410,770655142660169732,unknown
1411,770772759874076672,chow
1412,770787852854652928,bernese_mountain_dog
1413,771004394259247104,unknown
1414,771014301343748096,unknown
1415,771102124360998913,labrador_retriever
1416,771136648247640064,bathtub
1417,771171053431250945,samoyed
1418,771380798096281600,collie
1419,771500966810099713,labrador_retriever
1420,771770456517009408,papillon
1421,772102971039580160,pembroke
1422,772114945936949249,chihuahua
1423,772117678702071809,labrador_retriever
1424,772152991789019136,golden_retriever
1425,772193107915964416,pembroke
1426,772581559778025472,newfoundland
1427,772615324260794368,dalmatian
1428,772826264096874500,basset
1429,772877495989305348,tabby
1430,773191612633579521,blenheim_spaniel
1431,773247561583001600,seat_belt
1432,773308824254029826,shopping_cart
1433,773547596996571136,norwegian_elkhound
1434,773670353721753600,old_english_sheepdog
1435,773704687002451968,silky_terrier
1436,773922284943896577,pomeranian
1437,773985732834758656,giant_panda
1438,774314403806253056,eskimo_dog
1439,774639387460112384,walker_hound
1440,774757898236878852,toy_poodle
1441,775085132600442880,chow
1442,775364825476165632,beagle
1443,775729183532220416,unknown
1444,775733305207554048,unknown
1445,775842724423557120,chow
1446,775898661951791106,golden_retriever
1447,776088319444877312,web_site
1448,776113305656188928,unknown
1449,776201521193218049,rottweiler
1450,776218204058357768,samoyed
1451,776477788987613185,labrador_retriever
1452,776813020089548800,toy_poodle
1453,776819012571455488,chihuahua
1454,777189768882946048,chihuahua
1455,777621514455814149,chow
1456,777641927919427584,golden_retriever
1457,777684233540206592,cocker_spaniel
1458,777885040357281792,afghan_hound
1459,778027034220126208,clumber
1460,778039087836069888,german_shepherd
1461,778286810187399168,boston_bull
1462,778383385161035776,collie
1463,778396591732486144,unknown
1464,778408200802557953,pembroke
1465,778624900596654080,airedale
1466,778650543019483137,german_shepherd
1467,778748913645780993,staffordshire_bullterrier
1468,778990705243029504,cocker_spaniel
1469,779056095788752897,chihuahua
1470,779123168116150273,toy_poodle
1471,779377524342161408,unknown
1472,779834332596887552,golden_retriever
1473,780192070812196864,vizsla
1474,780459368902959104,great_dane
1475,780476555013349377,pug
1476,780496263422808064,pug
1477,780543529827336192,golden_retriever
1478,780601303617732608,saint_bernard
1479,780800785462489090,siberian_husky
1480,780858289093574656,chesapeake_bay_retriever
1481,780931614150983680,unknown
1482,781163403222056960,shetland_sheepdog
1483,781251288990355457,mexican_hairless
1484,781524693396357120,tennis_ball
1485,781661882474196992,pembroke
1486,781955203444699136,unknown
1487,782021823840026624,golden_retriever
1488,782305867769217024,briard
1489,782598640137187329,malamute
1490,782722598790725632,irish_setter
1491,782747134529531904,golden_retriever
1492,782969140009107456,seat_belt
1493,783085703974514689,chesapeake_bay_retriever
1494,783334639985389568,cardigan
1495,783347506784731136,cardigan
1496,783391753726550016,norwegian_elkhound
1497,783466772167098368,chihuahua
1498,783695101801398276,chow
1499,783821107061198850,lakeland_terrier
1500,783839966405230592,unknown
1501,784431430411685888,miniature_poodle
1502,784517518371221505,malamute
1503,784826020293709826,chow
1504,785170936622350336,seat_belt
1505,785264754247995392,teddy
1506,785533386513321988,miniature_pinscher
1507,785639753186217984,unknown
1508,785872687017132033,great_pyrenees
1509,785927819176054784,teddy
1510,786036967502913536,golden_retriever
1511,786233965241827333,labrador_retriever
1512,786363235746385920,golden_retriever
1513,786595970293370880,pembroke
1514,786664955043049472,leonberg
1515,786709082849828864,pomeranian
1516,786963064373534720,golden_retriever
1517,787322443945877504,seat_belt
1518,787397959788929025,chihuahua
1519,787717603741622272,german_shepherd
1520,787810552592695296,pug
1521,788039637453406209,unknown
1522,788070120937619456,golden_retriever
1523,788150585577050112,chow
1524,788178268662984705,samoyed
1525,788412144018661376,golden_retriever
1526,788765914992902144,cocker_spaniel
1527,788908386943430656,remote_control
1528,789137962068021249,chihuahua
1529,789268448748703744,malamute
1530,789530877013393408,schipperke
1531,789599242079838210,chesapeake_bay_retriever
1532,789628658055020548,chow
1533,789986466051088384,tub
1534,790277117346975746,labrador_retriever
1535,790337589677002753,pembroke
1536,790581949425475584,refrigerator
1537,790698755171364864,bernese_mountain_dog
1538,790723298204217344,tub
1539,790946055508652032,dishwasher
1540,790987426131050500,cocker_spaniel
1541,791026214425268224,malamute
1542,791312159183634433,miniature_pinscher
1543,791406955684368384,pembroke
1544,791672322847637504,golden_retriever
1545,792050063153438720,komondor
1546,792394556390137856,cocker_spaniel
1547,792773781206999040,yorkshire_terrier
1548,792883833364439040,jack-o'-lantern
1549,792913359805018113,unknown
1550,793120401413079041,labrador_retriever
1551,793135492858580992,unknown
1552,793150605191548928,italian_greyhound
1553,793165685325201412,golden_retriever
1554,793180763617361921,lakeland_terrier
1555,793195938047070209,labrador_retriever
1556,793210959003287553,doormat
1557,793226087023144960,wire-haired_fox_terrier
1558,793241302385262592,golden_retriever
1559,793256262322548741,basset
1560,793271401113350145,siberian_husky
1561,793286476301799424,afghan_hound
1562,793500921481273345,golden_retriever
1563,793601777308463104,miniature_pinscher
1564,793614319594401792,golden_retriever
1565,793845145112371200,old_english_sheepdog
1566,793962221541933056,labrador_retriever
1567,794205286408003585,unknown
1568,794332329137291264,samoyed
1569,794355576146903043,cocker_spaniel
1570,794926597468000259,teddy
1571,794983741416415232,schipperke
1572,795076730285391872,unknown
1573,795400264262053889,golden_retriever
1574,795464331001561088,golden_retriever
1575,796031486298386433,golden_retriever
1576,796080075804475393,chow
1577,796116448414461957,cardigan
1578,796149749086875649,golden_retriever
1579,796177847564038144,golden_retriever
1580,796387464403357696,pekinese
1581,796484825502875648,cocker_spaniel
1582,796759840936919040,american_staffordshire_terrier
1583,796865951799083009,cardigan
1584,797236660651966464,collie
1585,797545162159308800,pembroke
1586,797971864723324932,american_staffordshire_terrier
1587,798209839306514432,pekinese
1588,798340744599797760,papillon
1589,798628517273620480,beagle
1590,798644042770751489,english_springer
1591,798665375516884993,chow
1592,798673117451325440,unknown
1593,798694562394996736,chihuahua
1594,798697898615730177,labrador_retriever
1595,798925684722855936,west_highland_white_terrier
1596,798933969379225600,siberian_husky
1597,799063482566066176,norfolk_terrier
1598,799297110730567681,malamute
1599,799422933579902976,miniature_pinscher
1600,799757965289017345,border_collie
1601,799774291445383169,chow
1602,800018252395122689,unknown
1603,800141422401830912,golden_retriever
1604,800388270626521089,golden_retriever
1605,800443802682937345,unknown
1606,800459316964663297,unknown
1607,800513324630806528,pembroke
1608,800751577355128832,cocker_spaniel
1609,801115127852503040,dalmatian
1610,801167903437357056,cocker_spaniel
1611,801285448605831168,unknown
1612,801538201127157760,pembroke
1613,801958328846974976,staffordshire_bullterrier
1614,802239329049477120,eskimo_dog
1615,802247111496568832,chihuahua
1616,802265048156610565,labrador_retriever
1617,802323869084381190,unknown
1618,802572683846291456,golden_retriever
1619,802624713319034886,cocker_spaniel
1620,802952499103731712,chow
1621,803276597545603072,pembroke
1622,803380650405482500,unknown
1623,803638050916102144,labrador_retriever
1624,803692223237865472,lakeland_terrier
1625,803773340896923648,miniature_pinscher
1626,804026241225523202,unknown
1627,804413760345620481,chow
1628,804738756058218496,tibetan_mastiff
1629,805207613751304193,pembroke
1630,805487436403003392,unknown
1631,805520635690676224,malinois
1632,805826884734976000,siberian_husky
1633,805932879469572096,norwegian_elkhound
1634,805958939288408065,irish_setter
1635,806219024703037440,chow
1636,806242860592926720,cardigan
1637,806542213899489280,vizsla
1638,806629075125202948,arabian_camel
1639,807010152071229440,golden_retriever
1640,807059379405148160,seat_belt
1641,807106840509214720,chihuahua
1642,807621403335917568,golden_retriever
1643,808001312164028416,labrador_retriever
1644,808106460588765185,golden_retriever
1645,808134635716833280,cocker_spaniel
1646,808501579447930884,airedale
1647,808733504066486276,seat_belt
1648,808838249661788160,rottweiler
1649,809084759137812480,vizsla
1650,809220051211603969,pomeranian
1651,809448704142938112,greater_swiss_mountain_dog
1652,809808892968534016,labrador_retriever
1653,809920764300447744,norwich_terrier
1654,810254108431155201,staffordshire_bullterrier
1655,810284430598270976,malamute
1656,810657578271330305,malamute
1657,810896069567610880,flat-coated_retriever
1658,810984652412424192,golden_retriever
1659,811386762094317568,pembroke
1660,811627233043480576,beagle
1661,811744202451197953,pekinese
1662,811985624773361665,staffordshire_bullterrier
1663,812372279581671427,golden_retriever
1664,812466873996607488,bath_towel
1665,812503143955202048,unknown
1666,812709060537683968,irish_setter
1667,812781120811126785,bull_mastiff
1668,813051746834595840,golden_retriever
1669,813066809284972545,toy_terrier
1670,813081950185472002,doberman
1671,813096984823349248,great_dane
1672,813112105746448384,dingo
1673,813127251579564032,norwegian_elkhound
1674,813142292504645637,beagle
1675,813157409116065792,siamese_cat
1676,813172488309972993,doormat
1677,813187593374461952,golden_retriever
1678,813202720496779264,cocker_spaniel
1679,813217897535406080,samoyed
1680,813800681631023104,malamute
1681,813812741911748608,french_bulldog
1682,813910438903693312,siberian_husky
1683,813944609378369540,labrador_retriever
1684,814153002265309185,golden_retriever
1685,814530161257443328,miniature_poodle
1686,814638523311648768,golden_retriever
1687,814986499976527872,dalmatian
1688,815390420867969024,unknown
1689,815639385530101762,german_shepherd
1690,815736392542261248,border_collie
1691,815966073409433600,tibetan_mastiff
1692,815990720817401858,chihuahua
1693,816014286006976512,english_setter
1694,816091915477250048,pomeranian
1695,816336735214911488,labrador_retriever
1696,816450570814898180,unknown
1697,816697700272001025,chihuahua
1698,816816676327063552,malamute
1699,816829038950027264,dishwasher
1700,817056546584727552,kelpie
1701,817120970343411712,saluki
1702,817171292965273600,golden_retriever
1703,817181837579653120,tibetan_mastiff
1704,817415592588222464,doberman
1705,817423860136083457,ice_bear
1706,817536400337801217,pug
1707,817777686764523521,curly-coated_retriever
1708,817827839487737858,cocker_spaniel
1709,818145370475810820,golden_retriever
1710,818259473185828864,miniature_schnauzer
1711,818536468981415936,swing
1712,818588835076603904,norwegian_elkhound
1713,818614493328580609,chihuahua
1714,818627210458333184,labrador_retriever
1715,819004803107983360,standard_poodle
1716,819006400881917954,unknown
1717,819015331746349057,unknown
1718,819015337530290176,standard_poodle
1719,819227688460238848,border_terrier
1720,819347104292290561,rottweiler
1721,819588359383371776,cardigan
1722,819711362133872643,acorn_squash
1723,819924195358416896,unknown
1724,819952236453363712,american_staffordshire_terrier
1725,820078625395449857,unknown
1726,820314633777061888,gordon_setter
1727,820446719150292993,golden_retriever
1728,820690176645140481,west_highland_white_terrier
1729,820749716845686786,golden_retriever
1730,821044531881721856,old_english_sheepdog
1731,821107785811234820,pomeranian
1732,821149554670182400,german_shepherd
1733,821407182352777218,irish_setter
1734,821522889702862852,doberman
1735,821765923262631936,golden_retriever
1736,821813639212650496,saint_bernard
1737,821886076407029760,golden_retriever
1738,822244816520155136,samoyed
1739,822462944365645825,pomeranian
1740,822489057087389700,samoyed
1741,822610361945911296,cocker_spaniel
1742,822647212903690241,samoyed
1743,822859134160621569,malinois
1744,822872901745569793,lakeland_terrier
1745,822975315408461824,bathtub
1746,823269594223824897,samoyed
1747,823322678127919110,cowboy_boot
1748,823581115634085888,dingo
1749,823699002998870016,cairn
1750,823939628516474880,schipperke
1751,824297048279236611,unknown
1752,824325613288833024,pembroke
1753,824663926340194305,english_setter
1754,824775126675836928,border_terrier
1755,824796380199809024,unknown
1756,825026590719483904,eskimo_dog
1757,825147591692263424,pekinese
1758,825535076884762624,rottweiler
1759,825829644528148480,great_pyrenees
1760,825876512159186944,unknown
1761,826115272272650244,tennis_ball
1762,826204788643753985,labrador_retriever
1763,826240494070030336,french_bulldog
1764,826476773533745153,german_shepherd
1765,826598365270007810,french_bulldog
1766,826848821049180160,great_pyrenees
1767,826958653328592898,golden_retriever
1768,827199976799354881,great_dane
1769,827324948884643840,golden_retriever
1770,827600520311402496,pembroke
1771,827653905312006145,collie
1772,827933404142436356,german_shepherd
1773,828011680017821696,american_staffordshire_terrier
1774,828046555563323392,unknown
1775,828372645993398273,malamute
1776,828376505180889089,american_staffordshire_terrier
1777,828381636999917570,bedlington_terrier
1778,828408677031882754,weimaraner
1779,828409743546925057,teddy
1780,828650029636317184,golden_retriever
1781,828708714936930305,hippopotamus
1782,828770345708580865,seat_belt
1783,829011960981237760,boxer
1784,829141528400556032,golden_retriever
1785,829374341691346946,staffordshire_bullterrier
1786,829449946868879360,labrador_retriever
1787,829501995190984704,french_bulldog
1788,829861396166877184,border_terrier
1789,829878982036299777,golden_retriever
1790,830097400375152640,toy_poodle
1791,830583320585068544,labrador_retriever
1792,830956169170665475,kuvasz
1793,831262627380748289,cocker_spaniel
1794,831309418084069378,doberman
1795,831315979191906304,briard
1796,831322785565769729,old_english_sheepdog
1797,831552930092285952,chihuahua
1798,831650051525054464,eskimo_dog
1799,831670449226514432,pembroke
1800,831911600680497154,bloodhound
1801,831939777352105988,pomeranian
1802,832032802820481025,whippet
1803,832040443403784192,miniature_pinscher
1804,832215726631055365,afghan_hound
1805,832273440279240704,pembroke
1806,832369877331693569,kelpie
1807,832397543355072512,pekinese
1808,832636094638288896,eskimo_dog
1809,832757312314028032,cardigan
1810,832769181346996225,unknown
1811,832998151111966721,boxer
1812,833124694597443584,cardigan
1813,833479644947025920,golden_retriever
1814,833722901757046785,west_highland_white_terrier
1815,833826103416520705,chihuahua
1816,833863086058651648,kuvasz
1817,834086379323871233,bath_towel
1818,834167344700198914,unknown
1819,834209720923721728,golden_retriever
1820,834458053273591808,rhodesian_ridgeback
1821,834574053763584002,toilet_tissue
1822,834786237630337024,border_terrier
1823,834931633769889797,ice_bear
1824,835152434251116546,swing
1825,835172783151792128,border_collie
1826,835264098648616962,hyena
1827,835297930240217089,rottweiler
1828,835574547218894849,staffordshire_bullterrier
1829,836001077879255040,samoyed
1830,836260088725786625,borzoi
1831,836380477523124226,unknown
1832,836677758902222849,unknown
1833,836753516572119041,mortarboard
1834,836989968035819520,shopping_cart
1835,837012587749474308,unknown
1836,837110210464448512,siberian_husky
1837,837366284874571778,american_staffordshire_terrier
1838,837471256429613056,norwegian_elkhound
1839,837482249356513284,unknown
1840,837820167694528512,golden_retriever
1841,838083903487373313,chow
1842,838476387338051585,great_pyrenees
1843,838561493054533637,kelpie
1844,838916489579200512,unknown
1845,838921590096166913,border_terrier
1846,839239871831150596,leonberg
1847,839290600511926273,unknown
1848,839549326359670784,swing
1849,839990271299457024,staffordshire_bullterrier
1850,840268004936019968,chesapeake_bay_retriever
1851,840370681858686976,unknown
1852,840632337062862849,golden_retriever
1853,840696689258311684,unknown
1854,841077006473256960,brittany_spaniel
1855,841314665196081154,afghan_hound
1856,841439858740625411,military_uniform
1857,841680585030541313,chihuahua
1858,841833993020538882,ice_bear
1859,842115215311396866,chow
1860,842163532590374912,french_bulldog
1861,842535590457499648,pembroke
1862,842765311967449089,tub
1863,842846295480000512,labrador_retriever
1864,842892208864923648,chihuahua
1865,843235543001513987,pembroke
1866,843604394117681152,labrador_retriever
1867,843856843873095681,labrador_retriever
1868,844223788422217728,labrador_retriever
1869,844580511645339650,unknown
1870,844704788403113984,labrador_retriever
1871,844973813909606400,labrador_retriever
1872,844979544864018432,tennis_ball
1873,845306882940190720,irish_water_spaniel
1874,845397057150107648,dandie_dinmont
1875,845677943972139009,chow
1876,845812042753855489,samoyed
1877,846042936437604353,golden_retriever
1878,846153765933735936,giant_schnauzer
1879,846514051647705089,golden_retriever
1880,846874817362120707,shetland_sheepdog
1881,847116187444137987,white_wolf
1882,847157206088847362,staffordshire_bullterrier
1883,847251039262605312,airedale
1884,847606175596138505,cardigan
1885,847842811428974592,bernese_mountain_dog
1886,847962785489326080,unknown
1887,847971574464610304,unknown
1888,848212111729840128,bedlington_terrier
1889,848324959059550208,malamute
1890,848690551926992896,flat-coated_retriever
1891,849051919805034497,unknown
1892,849336543269576704,unknown
1893,849412302885593088,schipperke
1894,849776966551130114,chihuahua
1895,850019790995546112,shetland_sheepdog
1896,850145622816686080,tennis_ball
1897,850380195714523136,yorkshire_terrier
1898,850753642995093505,pug
1899,851224888060895234,car_mirror
1900,851464819735769094,unknown
1901,851591660324737024,cardigan
1902,851861385021730816,unknown
1903,851953902622658560,staffordshire_bullterrier
1904,852189679701164033,barrow
1905,852226086759018497,unknown
1906,852311364735569921,unknown
1907,852553447878664193,bloodhound
1908,852672615818899456,golden_retriever
1909,852912242202992640,great_dane
1910,853299958564483072,unknown
1911,853639147608842240,german_shepherd
1912,853760880890318849,miniature_pinscher
1913,854010172552949760,english_springer
1914,854120357044912130,black-and-tan_coonhound
1915,854365224396361728,pembroke
1916,854482394044301312,chihuahua
1917,854732716440526848,pembroke
1918,855459453768019968,blenheim_spaniel
1919,855851453814013952,flat-coated_retriever
1920,856282028240666624,chihuahua
1921,856526610513747968,old_english_sheepdog
1922,856543823941562368,boston_bull
1923,857029823797047296,golden_retriever
1924,857263160327368704,samoyed
1925,857393404942143489,malamute
1926,857746408056729600,labrador_retriever
1927,857989990357356544,french_bulldog
1928,858107933456039936,golden_retriever
1929,858471635011153920,pembroke
1930,858843525470990336,golden_retriever
1931,859074603037188101,unknown
1932,859196978902773760,angora
1933,859607811541651456,golden_retriever
1934,859851578198683649,labrador_retriever
1935,859924526012018688,french_bulldog
1936,860184849394610176,unknown
1937,860276583193509888,unknown
1938,860524505164394496,bedlington_terrier
1939,860563773140209665,cardigan
1940,860924035999428608,unknown
1941,861005113778896900,german_shepherd
1942,861288531465048066,syringe
1943,861383897657036800,cardigan
1944,861769973181624320,arabian_camel
1945,862096992088072192,chow
1946,862457590147678208,unknown
1947,862722525377298433,basset
1948,862831371563274240,australian_terrier
1949,863062471531167744,french_bulldog
1950,863079547188785154,lakeland_terrier
1951,863432100342583297,staffordshire_bullterrier
1952,863553081350529029,eskimo_dog
1953,863907417377173506,unknown
1954,864197398364647424,golden_retriever
1955,864279568663928832,bull_mastiff
1956,864873206498414592,unknown
1957,865006731092295680,pembroke
1958,865359393868664832,chesapeake_bay_retriever
1959,865718153858494464,golden_retriever
1960,866334964761202691,samoyed
1961,866450705531457537,french_bulldog
1962,866686824827068416,flat-coated_retriever
1963,867051520902168576,samoyed
1964,867072653475098625,blenheim_spaniel
1965,867421006826221569,eskimo_dog
1966,867774946302451713,border_collie
1967,867900495410671616,labrador_retriever
1968,868552278524837888,whippet
1969,868622495443632128,labrador_retriever
1970,868880397819494401,laptop
1971,869227993411051520,pembroke
1972,869596645499047938,chihuahua
1973,869702957897576449,pembroke
1974,869772420881756160,pembroke
1975,870063196459192321,unknown
1976,870308999962521604,greater_swiss_mountain_dog
1977,870374049280663552,golden_retriever
1978,870656317836468226,pembroke
1979,870804317367881728,unknown
1980,871032628920680449,kelpie
1981,871515927908634625,komondor
1982,871762521631449091,labrador_retriever
1983,871879754684805121,shetland_sheepdog
1984,872122724285648897,basketball
1985,872261713294495745,labrador_retriever
1986,872486979161796608,pembroke
1987,872620804844003328,cocker_spaniel
1988,872820683541237760,pug
1989,872967104147763200,labrador_retriever
1990,873213775632977920,vizsla
1991,873580283840344065,newfoundland
1992,873697596434513921,laptop
1993,874012996292530176,cardigan
1994,874057562936811520,flat-coated_retriever
1995,874296783580663808,cocker_spaniel
1996,874680097055178752,labrador_retriever
1997,875021211251597312,west_highland_white_terrier
1998,875144289856114688,siberian_husky
1999,875747767867523072,labrador_retriever
2000,876120275196170240,bernese_mountain_dog
2001,876484053909872640,golden_retriever
2002,876838120628539392,bloodhound
2003,877201837425926144,pembroke
2004,877316821321428993,saluki
2005,877556246731214848,basset
2006,877611172832227328,irish_setter
2007,877736472329191424,chesapeake_bay_retriever
2008,878057613040115712,french_bulldog
2009,878281511006478336,basset
2010,878776093423087618,italian_greyhound
2011,879008229531029506,vizsla
2012,879050749262655488,unknown
2013,879376492567855104,tricycle
2014,879415818425184262,english_springer
2015,879492040517615616,german_short-haired_pointer
2016,879862464715927552,basset
2017,880095782870896641,miniature_pinscher
2018,880221127280381952,chihuahua
2019,880465832366813184,golden_retriever
2020,880872448815771648,pembroke
2021,880935762899988482,unknown
2022,881268444196462592,unknown
2023,881536004380872706,samoyed
2024,881666595344535552,saluki
2025,881906580714921986,weimaraner
2026,882045870035918850,web_site
2027,882268110199369728,golden_retriever
2028,882627270321602560,pembroke
2029,882762694511734784,labrador_retriever
2030,882992080364220416,eskimo_dog
2031,883117836046086144,golden_retriever
2032,883360690899218434,chow
2033,883482846933004288,golden_retriever
2034,883838122936631299,doberman
2035,884162670584377345,german_shepherd
2036,884441805382717440,pembroke
2037,884562892145688576,pug
2038,884876753390489601,chow
2039,884925521741709313,italian_greyhound
2040,885167619883638784,malamute
2041,885311592912609280,labrador_retriever
2042,885528943205470208,pug
2043,885984800019947520,blenheim_spaniel
2044,886258384151887873,pug
2045,886366144734445568,french_bulldog
2046,886680336477933568,unknown
2047,886736880519319552,kuvasz
2048,886983233522544640,chihuahua
2049,887101392804085760,samoyed
2050,887343217045368832,mexican_hairless
2051,887473957103951883,pembroke
2052,887517139158093824,unknown
2053,887705289381826560,basset
2054,888078434458587136,french_bulldog
2055,888202515573088257,pembroke
2056,888554962724278272,siberian_husky
2057,888804989199671297,golden_retriever
2058,888917238123831296,golden_retriever
2059,889278841981685760,whippet
2060,889531135344209921,golden_retriever
2061,889638837579907072,french_bulldog
2062,889665388333682689,pembroke
2063,889880896479866881,french_bulldog
2064,890006608113172480,samoyed
2065,890240255349198849,pembroke
2066,890609185150312448,irish_terrier
2067,890729181411237888,pomeranian
2068,890971913173991426,appenzeller
2069,891087950875897856,chesapeake_bay_retriever
2070,891327558926688256,basset
2071,891689557279858688,paper_towel
2072,891815181378084864,chihuahua
2073,892177421306343426,chihuahua
2074,892420643555336193,unknown
